source,date,headline,url,chosen_label,positive,negative,neutral,compound
Global,2024-03-16,Israel-Gaza: Toronto police arrest at least 2 pro-Palestinian protesters outside Trudeau event,https://globalnews.ca/video/10365425/israel-gaza-toronto-police-arrest-at-least-2-pro-palestinian-protesters-outside-trudeau-event/,negative,0.0136901,0.493201,0.49310896,-0.243059766344369
Global,2024-03-16,Migrant protest demands regularization and end of “scapegoating”,https://globalnews.ca/news/10365584/migrant-protest-demands-regularization-and-end-of-scapegoating/,neutral,0.05310414,0.17967702,0.76721895,-0.029463767576590527
Global,2024-03-16,Toronto home invasion victim vows neighbourhood will protect itself,https://globalnews.ca/video/10364710/toronto-home-invasion-victim-vows-neighbourhood-will-protect-itself/,negative,0.037875824,0.24699613,0.715128,-0.059572518116310036
Global,2024-03-16,Toronto dog DNA testing company IDs woman as 40% Alaskan Malamute,https://globalnews.ca/news/10359199/dna-my-dog-testing-human-swab-id/,neutral,0.036432877,0.10238139,0.8611857,-0.009154595156966039
Global,2024-03-16,Out-of-bounds avalanche at Big White Ski Resort,https://globalnews.ca/news/10365683/avalanche-big-white-ski-resort/,neutral,0.057787094,0.08765893,0.854554,-0.004344738635522427
Global,2024-03-16,Metro Vancouver emergency dispatch services restored,https://globalnews.ca/video/10365509/metro-vancouver-emergency-dispatch-services-restored/,neutral,0.21418223,0.013624442,0.7721934,0.045688392270375466
Global,2024-03-16,"Saturday marks 50 years since Sarnia, Ont., teen’s suspicious death, still no answers",https://globalnews.ca/news/10365455/50-years-karen-caughlin-suspicious-teen-death-sarnia-ont-opp/,negative,0.006783195,0.8096502,0.18356663,-0.6554874067538456
Global,2024-03-16,"Fox saved at Sandy Pines Wildlife Centre in Napanee, Ont., released into wild",https://globalnews.ca/news/10365410/fox-saved-at-sandy-pines-wildlife-centre-in-napanee-ont-released-into-wild/,neutral,0.10553992,0.01009461,0.8843653,0.011036787294152361
Global,2024-03-16,Big changes for the 2023 tax filing season,https://globalnews.ca/video/10362987/big-changes-for-the-2023-tax-filing-season/,positive,0.2707705,0.016493645,0.71273583,0.07304462549075019
Global,2024-03-16,Weekend Dish: Luck of the Irish,https://globalnews.ca/video/10363606/weekend-dish-luck-of-the-irish/,neutral,0.19355224,0.009893422,0.79655427,0.03736460386796647
Global,2024-03-16,Trudeau rejects Quebec’s ask for total powers on immigration,https://globalnews.ca/video/10365107/trudeau-rejects-quebecs-ask-for-total-powers-on-immigration/,negative,0.020698253,0.33841488,0.6408868,-0.11409624029731447
Global,2024-03-16,Car theft continues in Peel Region after government grant to tackle crime,https://globalnews.ca/video/10346569/car-theft-continues-in-peel-region-after-government-grant-to-tackle-crime/,negative,0.008456592,0.80469465,0.18684882,-0.6474619225178699
Global,2024-03-16,Canada decreases role in Haiti amid safety concerns,https://globalnews.ca/video/10365657/canada-decreases-role-in-haiti-amid-safety-concerns/,negative,0.013564558,0.51718616,0.46924922,-0.2672975461168079
Global,2024-03-16,Who is Rose Hanbury and how does she tie into the Kate Middleton drama?,https://globalnews.ca/news/10357389/rose-hanbury-prince-william-affair-kate-middleton-drama-lies-rumours/,neutral,0.028713914,0.011759607,0.9595265,0.0006862004765564311
Global,2024-03-16,Ford on Toronto police officer’s auto theft advice: ‘Might as well leave cookies and milk’,https://globalnews.ca/news/10363506/doug-ford-toronto-police-car-keys-front-door-reaction/,negative,0.016564263,0.4682306,0.51520497,-0.218965605962552
Global,2024-03-16,Human remains identified as family of 3 from Brampton house fire,https://globalnews.ca/news/10362656/brampton-fatal-house-fire-human-remains-identified/,neutral,0.020156765,0.21746707,0.76237607,-0.04688564859765876
Global,2024-03-16,"Leave car keys by the front door to avoid home invasion, Toronto police officer says",https://globalnews.ca/news/10359055/leave-car-keys-the-front-door-to-avoid-home-invasion-toronto-police/,neutral,0.04594681,0.04491204,0.9091411,9.401805446862532e-05
Global,2024-03-16,"Trudeau says he thinks about quitting ‘crazy, super tough’ job daily, but is determined to continue",https://globalnews.ca/news/10365489/trudeau-says-thinks-about-quitting-job-daily-vows-to-continue/,neutral,0.15167688,0.1871061,0.661217,-0.01200281983239293
Global,2024-03-16,Did you co-sign your kid’s mortgage? There are new tax reporting rules to know,https://globalnews.ca/news/10363565/new-bare-trust-reporting-requirements-tax-season-2024/,neutral,0.045967884,0.061172657,0.89285946,-0.0016290475368663238
Global,2024-03-16,Sports fields in Kelowna off-limits until spring maintenance completed,https://globalnews.ca/news/10365535/kelowna-sports-fields-spring-maintenance/,neutral,0.014987008,0.14440265,0.8406102,-0.020627533171006185
Global,2024-03-16,CEOs urge CPP investment in Canadian companies in open letter to Chrystia Freeland,https://globalnews.ca/video/10365110/ceos-urge-cpp-investment-in-canadian-companies-in-open-letter-to-chrystia-freeland/,neutral,0.06411277,0.038406476,0.8974807,0.002635390304703833
Global,2024-03-16,‘It’s bittersweet’: Video rental store to shut its doors after 40 years in business,https://globalnews.ca/news/10365485/its-bittersweet-video-rental-store-to-shut-its-doors-after-40-years-in-business/,negative,0.051724046,0.36259586,0.58568007,-0.12880038720756382
Global,2024-03-16,"Wolseley, Sask. looking for go ahead goal in Kraft Hockeyville contest",https://globalnews.ca/news/10365576/wolseley-sask-looking-for-go-ahead-goal-in-kraft-hockeyville-contest/,neutral,0.03330407,0.022438329,0.94425744,0.0006056842102863946
Global,2024-03-16,‘I think it’s crazy’: Toronto home invasion victim slams advice from police officer,https://globalnews.ca/news/10364143/toronto-home-invasion-victim-police-advice-reaction/,negative,0.0052474583,0.8759661,0.11878639,-0.7672890818455018
Global,2024-03-16,B.C. wine industry at a crossroads after ‘catastrophic’ losses,https://globalnews.ca/news/10362986/bc-wine-industry-catastrophic-loss-recovery-plan/,negative,0.01383705,0.7103798,0.27578318,-0.5044479672321813
Global,2024-03-16,St. Patrick’s Day: Irish protesters stand in solidarity with Palestinians,https://globalnews.ca/video/10365796/st-patricks-day-irish-protesters-stand-in-solidarity-with-palestinians/,positive,0.24813074,0.018826038,0.733043,0.061214491648540204
Global,2024-03-16,Questions over controversial Vancouver Island ship breaking operation,https://globalnews.ca/video/10365823/questions-over-controversial-vancouver-island-ship-breaking-operation/,negative,0.011551677,0.28752986,0.70091844,-0.08253998502815563
Global,2024-03-16,ArriveCan app: A look at Canada’s procurement process after baffling testimony from contractors,https://globalnews.ca/video/10365115/arrivecan-app-a-look-at-canadas-procurement-process-after-baffling-testimony-from-contractors/,negative,0.030304486,0.49238202,0.47731346,-0.24152170494589065
Global,2024-03-16,Kate Middleton’s absence continues to fuel conspiracy theories about health,https://globalnews.ca/video/10359440/kate-middletons-absence-continues-to-fuel-conspiracy-theories-about-health/,negative,0.012386771,0.6094317,0.37818155,-0.371253526904729
Global,2024-03-16,St. Patrick’s day trends are changing.,https://globalnews.ca/video/10365088/st-patricks-day-trends-are-changing/,neutral,0.073559254,0.058258936,0.8681819,0.002016859167468077
Global,2024-03-16,Saskatoon SPCA set to serve animals for years to come in new home,https://globalnews.ca/news/10365709/saskatoon-spca-set-to-serve-animals-for-years-to-come-in-new-home/,neutral,0.12762041,0.0074718636,0.8649078,0.01623113140186261
Global,2024-03-16,‘Needs not being met‘: Rally held in downtown Vancouver for accessibility issues,https://globalnews.ca/news/10365667/rally-vancouver-accessibility-issues/,negative,0.009865383,0.74204075,0.24809393,-0.5505270880124584
Global,2024-03-16,Memorial service held for migrant who died while waiting outside Mississauga shelter,https://globalnews.ca/video/10365692/memorial-service-held-for-migrant-who-died-while-waiting-outside-mississauga-shelter/,negative,0.022790974,0.35636008,0.62084895,-0.12647307684950349
Global,2024-03-16,Migrant protest demands regularization and for leaders to stop blaming them for systemic problems,https://globalnews.ca/video/10365800/migrant-protest-demands-regularization-and-for-leaders-to-stop-blaming-them-for-systemic-problems/,negative,0.0303739,0.46337393,0.5062522,-0.21379279864126133
CTV,2024-03-16,This is why an electric vehicle will cost you more in Ontario than other provinces,https://toronto.ctvnews.ca/this-is-why-an-electric-vehicle-will-cost-you-more-in-ontario-than-other-provinces-1.6809366,negative,0.020300742,0.76467216,0.21502715,-0.584311347851667
CTV,2024-03-16,Yangtze Restaurant property up for sale after 4 decades in business,https://ottawa.ctvnews.ca/yangtze-restaurant-property-up-for-sale-after-4-decades-in-business-1.6810480,neutral,0.102634236,0.011265582,0.88610023,0.010406868310598671
CTV,2024-03-16,Pothole season arrives as Saskatoon gears up for spring melt,https://saskatoon.ctvnews.ca/pothole-season-arrives-as-saskatoon-gears-up-for-spring-melt-1.6810539,negative,0.086810604,0.2684734,0.64471614,-0.06454185411661051
CTV,2024-03-16,'I was stunned': DNA tests reveal hidden family secret for B.C. woman,https://www.ctvnews.ca/canada/i-was-stunned-dna-tests-reveal-hidden-family-secret-for-b-c-woman-1.6810193,negative,0.0377694,0.23154393,0.73068655,-0.052186085763885615
CTV,2024-03-16,6 people charged after stolen property and drugs seized from Coaldale residence,https://calgary.ctvnews.ca/6-people-charged-after-stolen-property-and-drugs-seized-from-coaldale-residence-1.6809931,negative,0.010681604,0.7099868,0.27933148,-0.5039672298953626
CTV,2024-03-16,Curling for pride: Canadian Pride Curling Championship gets underway in St. John's,https://www.ctvnews.ca/sports/curling-for-pride-canadian-pride-curling-championship-gets-underway-in-st-john-s-1.6808059,positive,0.73297745,0.002544358,0.2644782,0.537249468369339
CTV,2024-03-16,Man who posed as cop during deadly Vancouver home invasion sentenced to 7 years,https://bc.ctvnews.ca/man-who-posed-as-cop-during-deadly-vancouver-home-invasion-sentenced-to-7-years-1.6809487,negative,0.010499301,0.70505637,0.2844443,-0.49699426932596324
CTV,2024-03-16,"50 years later: Lambton County OPP renew appeal for information on anniversary of Sarnia, Ont. teen’s death",https://london.ctvnews.ca/50-years-later-lambton-county-opp-renew-appeal-for-information-on-anniversary-of-sarnia-ont-teen-s-death-1.6810388,negative,0.020749895,0.26928923,0.70996094,-0.0720861138543114
CTV,2024-03-16,Significant police presence and a eulogy from Wayne Gretzky: Details revealed about funeral for Brian Mulroney,https://www.ctvnews.ca/politics/significant-police-presence-and-a-eulogy-from-wayne-gretzky-details-revealed-about-funeral-for-brian-mulroney-1.6809148,neutral,0.038305152,0.05190347,0.90979123,-0.0012266876282511774
CTV,2024-03-16,Mega Millions jackpot soars to US$875 million. Powerball reaches $600 million,https://www.ctvnews.ca/world/mega-millions-jackpot-soars-to-us-875-million-powerball-reaches-600-million-1.6810684,positive,0.49948564,0.005217055,0.4952973,0.24945868871812849
CTV,2024-03-16,Giving up on B.C. health care: Why a Port Alberni man went to Mexico for surgery,https://bc.ctvnews.ca/giving-up-on-b-c-health-care-why-a-port-alberni-man-went-to-mexico-for-surgery-1.6810162,negative,0.009392473,0.70261353,0.28799403,-0.4935775157387994
CTV,2024-03-16,Calgary playoff hopes take a hit as Oil Kings dominate late in 6-2 win in Edmonton,https://calgary.ctvnews.ca/calgary-playoff-hopes-take-a-hit-as-oil-kings-dominate-late-in-6-2-win-in-edmonton-1.6810484,negative,0.04296024,0.33689103,0.6201488,-0.11164996178663955
CTV,2024-03-16,119-year-old temperature record among more than a dozen broken in Canada,https://www.ctvnews.ca/climate-and-environment/119-year-old-temperature-record-among-more-than-a-dozen-broken-in-canada-1.6810641,negative,0.019294608,0.43011853,0.55058676,-0.18462970508641696
CTV,2024-03-16,Provincial police release new details in recent northern Ont. shooting death,https://northernontario.ctvnews.ca/provincial-police-release-new-details-in-recent-northern-ont-shooting-death-1.6810553,negative,0.011098248,0.2737272,0.7151747,-0.0748033824585832
CTV,2024-03-16,"52-year-old man arrested following alleged stabbing in Montague Gold Mines, N.S.",https://atlantic.ctvnews.ca/52-year-old-man-arrested-following-alleged-stabbing-in-montague-gold-mines-n-s-1.6810344,negative,0.0081405705,0.6853893,0.30647004,-0.46969227752916254
CTV,2024-03-16,"'Undetermined amount' of diesel fuel enters Thames River, storm sewer following Friday morning collision",https://london.ctvnews.ca/undetermined-amount-of-diesel-fuel-enters-thames-river-storm-sewer-following-friday-morning-collision-1.6810586,negative,0.009018197,0.5872973,0.4036845,-0.3448368148887795
CTV,2024-03-16,Series of costly losses in 2023 contributed to Just for Laughs insolvency: report,https://montreal.ctvnews.ca/series-of-costly-losses-in-2023-contributed-to-just-for-laughs-insolvency-report-1.6810593,negative,0.007465261,0.8231261,0.16940877,-0.6774807369268494
CTV,2024-03-16,A&W employee injured after vehicle crashes into North Vancouver restaurant,https://bc.ctvnews.ca/a-w-employee-injured-after-vehicle-crashes-into-north-vancouver-restaurant-1.6810740,negative,0.009193425,0.70765,0.2831565,-0.5006840533858039
CTV,2024-03-16,Magazine names Alberta town among the 'most beautiful in the world',https://calgary.ctvnews.ca/magazine-names-alberta-town-among-the-most-beautiful-in-the-world-1.6806309,positive,0.8894725,0.0049426034,0.10558479,0.791136983619888
CTV,2024-03-16,New map shows just how extreme last month was for the planet,https://www.ctvnews.ca/climate-and-environment/new-map-shows-just-how-extreme-last-month-was-for-the-planet-1.6810565,negative,0.052155357,0.42382115,0.5240235,-0.1769041992461151
CTV,2024-03-16,Here's what Ontario Premier Doug Ford wants from Justin Trudeau's government ahead of budgets,https://toronto.ctvnews.ca/here-s-what-ontario-premier-doug-ford-wants-from-justin-trudeau-s-government-ahead-of-budgets-1.6810415,neutral,0.053608514,0.034393694,0.91199785,0.0016909453916433836
CTV,2024-03-16,'No': Prime Minister Trudeau rejects Quebec request for full powers over immigration,https://montreal.ctvnews.ca/no-prime-minister-trudeau-rejects-quebec-request-for-full-powers-over-immigration-1.6809035,negative,0.01367109,0.45883045,0.5274984,-0.21033849246878056
CTV,2024-03-16,"Man dies in motorcycle crash overnight in northwest London, Ont.",https://london.ctvnews.ca/man-dies-in-motorcycle-crash-overnight-in-northwest-london-ont-1.6810510,negative,0.014506969,0.46295863,0.5225342,-0.21412033819765774
CTV,2024-03-16,Galapagos Islands to double tourist entry fees amid concerns over rising visitor numbers,https://www.ctvnews.ca/lifestyle/galapagos-islands-to-double-tourist-entry-fees-amid-concerns-over-rising-visitor-numbers-1.6809393,negative,0.02917579,0.30092484,0.6698994,-0.08970452316437338
CTV,2024-03-16,'His only mistake was wanting his crackers': Owner demands justice after emu viciously killed,https://kitchener.ctvnews.ca/his-only-mistake-was-wanting-his-crackers-owner-demands-justice-after-emu-viciously-killed-1.6809689,negative,0.006271449,0.86208004,0.13164856,-0.7431426477324923
CTV,2024-03-16,"Newfoundland capelin out of 'critical zone,' but not because there are more fish",https://www.ctvnews.ca/climate-and-environment/newfoundland-capelin-out-of-critical-zone-but-not-because-there-are-more-fish-1.6807121,neutral,0.06497147,0.124899134,0.81012934,-0.011378504980832371
CTV,2024-03-16,"Ministry says Kelowna case 'had no impact' on latest public warning, as sex offender gets detention order",https://bc.ctvnews.ca/ministry-says-kelowna-case-had-no-impact-on-latest-public-warning-as-sex-offender-gets-detention-order-1.6809513,neutral,0.028155573,0.19024076,0.7816037,-0.035398803595811046
CTV,2024-03-16,Canadians stuck in Mexico after days of cancelled flights,/video/c2886776-ottawa-families-stuck-in-mexico-for-days,negative,0.014050336,0.5622014,0.4237484,-0.31587289807106345
CTV,2024-03-16,Residents get first look at Red Deer Regional Hospital redevelopment,https://edmonton.ctvnews.ca/residents-get-first-look-at-red-deer-regional-hospital-redevelopment-1.6810677,neutral,0.06634127,0.011024917,0.9226339,0.004279611702692421
CTV,2024-03-16,RTB decision allowing eviction for landlord's use found 'patently unreasonable' in B.C. court,https://bc.ctvnews.ca/rtb-decision-allowing-eviction-for-landlord-s-use-found-patently-unreasonable-in-b-c-court-1.6809986,negative,0.010004363,0.63227886,0.35771683,-0.3996764509203352
CTV,2024-03-16,75 per cent of long COVID cases recover within a year: study,/video/c2886732-most-long-covid-patients-recover-within-a-year,positive,0.32164684,0.010970435,0.6673827,0.1033363386530084
CTV,2024-03-16,"A volcano in Iceland is erupting for the fourth time in 3 months, sending plumes of lava skywards",https://www.ctvnews.ca/climate-and-environment/a-volcano-in-iceland-is-erupting-for-the-fourth-time-in-3-months-sending-plumes-of-lava-skywards-1.6810734,negative,0.013774681,0.5880469,0.39817834,-0.34560945851534086
CTV,2024-03-16,4 Edmontonians make final list of NDP leadership candidates,https://edmonton.ctvnews.ca/4-edmontonians-make-final-list-of-ndp-leadership-candidates-1.6810643,neutral,0.047987718,0.033081785,0.91893035,0.0012084187689527237
CTV,2024-03-16,Heat records fall in 10 B.C. communities Friday,https://bc.ctvnews.ca/heat-records-fall-in-10-b-c-communities-friday-1.6810608,neutral,0.022744684,0.16145292,0.8158024,-0.025549724418191033
CTV,2024-03-16,Musicians' muse Pattie Boyd auctions love letters from Eric Clapton and George Harrison,https://www.ctvnews.ca/entertainment/musicians-muse-pattie-boyd-auctions-love-letters-from-eric-clapton-and-george-harrison-1.6783951,positive,0.24763222,0.0037802006,0.7485874,0.0613074629906194
CTV,2024-03-16,Cryptocurrency fraud: Prosecutors seek up to 50 years in prison for Sam Bankman-Fried,https://www.ctvnews.ca/business/cryptocurrency-fraud-prosecutors-seek-up-to-50-years-in-prison-for-sam-bankman-fried-1.6809458,negative,0.014546056,0.6500449,0.335409,-0.42234684619044316
CTV,2024-03-16,"Manitoulin Health Centre affected by phone, Internet outage",https://northernontario.ctvnews.ca/manitoulin-health-centre-affected-by-phone-internet-outage-1.6809658,negative,0.016420811,0.42425907,0.5593202,-0.17972607606569824
CTV,2024-03-16,Some doctors sneak education into their online content to drown out misinformation,https://www.ctvnews.ca/health/some-doctors-sneak-education-into-their-online-content-to-drown-out-misinformation-1.6810288,negative,0.021776376,0.50964755,0.468576,-0.2592664418187951
CTV,2024-03-16,Early start to this year’s St. Patrick’s Day parties in Waterloo,https://kitchener.ctvnews.ca/early-start-to-this-year-s-st-patrick-s-day-parties-in-waterloo-1.6810761,positive,0.339662,0.0047923084,0.65554583,0.11534725839987203
CTV,2024-03-16,"Israel strikes several sites in Syria, wounding a soldier, Syrian military says",https://www.ctvnews.ca/world/israel-strikes-several-sites-in-syria-wounding-a-soldier-syrian-military-says-1.6810767,negative,0.00759009,0.761427,0.23098275,-0.5797135563716225
CTV,2024-03-16,Security flaws allow criminals to hack in doorbell cameras,/video/c2886458-security-flaws-found-in-certain-doorbell-cameras,negative,0.010067018,0.80328894,0.18664409,-0.6451717111795086
CTV,2024-03-16,Some people are genetically predisposed to gain weight. These 5 tips can help,https://www.ctvnews.ca/health/some-people-are-genetically-predisposed-to-gain-weight-these-5-tips-can-help-1.6809199,neutral,0.09307958,0.12355884,0.78336143,-0.0066029831048837195
CTV,2024-03-16,Winnipeg Trails reflects on ‘winter that wasn’t really winter’ after mild season,https://winnipeg.ctvnews.ca/winnipeg-trails-reflects-on-winter-that-wasn-t-really-winter-after-mild-season-1.6810656,negative,0.0250917,0.29663512,0.6782732,-0.0873627931859744
CTV,2024-03-16,Butterfly fundraiser looks to support local organizations in Barrie,https://barrie.ctvnews.ca/butterfly-fundraiser-looks-to-support-local-organizations-in-barrie-1.6810439,positive,0.5568188,0.004160089,0.4390213,0.310029752110502
CTV,2024-03-16,Baby born on Air Canada flight bound for Toronto,https://toronto.ctvnews.ca/baby-born-on-air-canada-flight-bound-for-toronto-1.6803236,neutral,0.12761523,0.010316582,0.8620681,0.0161792233983844
CTV,2024-03-16,Sault police hope new video attracts new recruits,https://northernontario.ctvnews.ca/sault-police-hope-new-video-attracts-new-recruits-1.6809759,positive,0.4710813,0.020270752,0.508648,0.22150666130760932
CTV,2024-03-16,Senior who 'likely' saved stranger's life during Vancouver Island crash dies from injuries,https://bc.ctvnews.ca/senior-who-likely-saved-stranger-s-life-during-vancouver-island-crash-dies-from-injuries-1.6803339,negative,0.03309627,0.38516146,0.5817422,-0.14725400880690387
CTV,2024-03-16,"CSU 52, library workers to receive 6.25% increase, $1k lump sum under tentative agreement with city",https://edmonton.ctvnews.ca/csu-52-library-workers-to-receive-6-25-increase-1k-lump-sum-under-tentative-agreement-with-city-1.6809527,neutral,0.18898103,0.008000239,0.8030187,0.035649832598112496
CTV,2024-03-16,Regina woman speaks out after family dog fatally injured at local dog park,https://regina.ctvnews.ca/regina-woman-speaks-out-after-family-dog-fatally-injured-at-local-dog-park-1.6806648,negative,0.008436776,0.73354506,0.25801808,-0.5380172259191269
CTV,2024-03-16,Matthew Perry's stepfather says 'Friends' star 'felt like he was beating' addiction,https://www.ctvnews.ca/entertainment/matthew-perry-s-stepfather-says-friends-star-felt-like-he-was-beating-addiction-1.6810731,negative,0.021596385,0.44967553,0.52872807,-0.20174169192504898
CTV,2024-03-16,BC Corrections issues warning about 'high-risk' offender amid scrutiny of notification process,https://bc.ctvnews.ca/bc-corrections-issues-warning-about-high-risk-offender-amid-scrutiny-of-notification-process-1.6806539,negative,0.0125818765,0.37038296,0.6170351,-0.13702525797402387
CTV,2024-03-16,Police search for suspect accused of pushing 71-year-old to the ground at TTC subway station,https://toronto.ctvnews.ca/police-search-for-suspect-accused-of-pushing-71-year-old-to-the-ground-at-ttc-subway-station-1.6810785,negative,0.012819807,0.47505817,0.51212204,-0.2255159159577218
CTV,2024-03-16,Carbon tax tiff: PM Trudeau accuses Premier Furey of bowing to 'political pressure',https://www.ctvnews.ca/politics/carbon-tax-tiff-pm-trudeau-accuses-premier-furey-of-bowing-to-political-pressure-1.6809080,negative,0.0165996,0.31448865,0.6689117,-0.09862758176474529
CTV,2024-03-16,February housing starts increased 14% from January: Canada Mortgage and Housing Corp,https://www.ctvnews.ca/business/february-housing-starts-increased-14-from-january-canada-mortgage-and-housing-corp-1.6808793,positive,0.34317818,0.007628595,0.64919317,0.11771308979453465
CTV,2024-03-16,Golfers hit Lethbridge fairways; skiers take in 'great conditions' at nearby slopes,https://calgary.ctvnews.ca/golfers-hit-lethbridge-fairways-skiers-take-in-great-conditions-at-nearby-slopes-1.6809816,positive,0.7907396,0.0025997942,0.20666057,0.6252623966509816
CTV,2024-03-16,‘We are a better community because of him’: Saskatoon mourns generous philanthropist,https://saskatoon.ctvnews.ca/we-are-a-better-community-because-of-him-saskatoon-mourns-generous-philanthropist-1.6810414,positive,0.91520447,0.0063981744,0.078397386,0.8375582290945931
CTV,2024-03-16,Stunt driving charges laid after vehicle clocked at nearly double the speed limit,https://barrie.ctvnews.ca/stunt-driving-charges-laid-after-vehicle-clocked-at-nearly-double-the-speed-limit-1.6810672,negative,0.016221466,0.7170269,0.26675162,-0.5138644450156207
CTV,2024-03-16,Toronto woman offering $10K for return of missing exotic cat,/video/c2886814-woman-offering--10k-for-return-of-missing-cat,neutral,0.047420602,0.1490062,0.80357325,-0.01995412854792633
CTV,2024-03-16,Former U.S. vice president Mike Pence says he's not endorsing Trump,https://www.ctvnews.ca/world/former-u-s-vice-president-mike-pence-says-he-s-not-endorsing-trump-1.6809664,neutral,0.03293801,0.12520929,0.84185266,-0.01459245637256501
CTV,2024-03-16,"'You just have to laugh': Winnipeg woman's car stolen, recovered and then stolen again",https://winnipeg.ctvnews.ca/you-just-have-to-laugh-winnipeg-woman-s-car-stolen-recovered-and-then-stolen-again-1.6809869,negative,0.020410964,0.6161358,0.36345327,-0.37920668743797137
CTV,2024-03-16,The Princess of Wales controversy has only gotten worse,https://www.ctvnews.ca/world/the-princess-of-wales-controversy-has-only-gotten-worse-1.6810609,negative,0.007443526,0.9148837,0.077672765,-0.8369567425978515
CTV,2024-03-16,Annual Neil Squire Society's 'Princess Ball' returns to Regina,https://regina.ctvnews.ca/annual-neil-squire-society-s-princess-ball-returns-to-regina-1.6810719,neutral,0.14992198,0.0048950748,0.8451828,0.022452663131906192
CTV,2024-03-16,2 more youths arrested in connection to group assault on teen with autism,https://windsor.ctvnews.ca/2-more-youths-arrested-in-connection-to-group-assault-on-teen-with-autism-1.6810524,negative,0.0061286255,0.77069676,0.22317465,-0.5939359234348407
CTV,2024-03-16,Hundreds of people in Mexico City stretch out for a 'mass nap' to commemorate World Sleep Day,https://www.ctvnews.ca/lifestyle/hundreds-of-people-in-mexico-city-stretch-out-for-a-mass-nap-to-commemorate-world-sleep-day-1.6810294,positive,0.43877372,0.0065242117,0.554702,0.19247985203333506
CTV,2024-03-16,Ontario tow truck driver caught going 100 km/h over speed limit,https://toronto.ctvnews.ca/ontario-tow-truck-driver-caught-going-100-km-h-over-speed-limit-1.6810571,negative,0.038260266,0.5040526,0.45768702,-0.25260520922073226
CTV,2024-03-16,U.S. to investigate Texas fatal crash that may have involved Ford partially automated driving system,https://www.ctvnews.ca/sci-tech/u-s-to-investigate-texas-fatal-crash-that-may-have-involved-ford-partially-automated-driving-system-1.6810466,negative,0.014403515,0.31956327,0.66603315,-0.10191324002965274
CTV,2024-03-16,Windows smashed as annual anti-police brutality march takes place in Montreal,https://montreal.ctvnews.ca/windows-smashed-as-annual-anti-police-brutality-march-takes-place-in-montreal-1.6809815,negative,0.010849138,0.8282307,0.1609201,-0.6858484395881996
CTV,2024-03-16,"Ukrainians in Winnipeg rally against Russian captivity, mark grim anniversary",https://winnipeg.ctvnews.ca/ukrainians-in-winnipeg-rally-against-russian-captivity-mark-grim-anniversary-1.6810748,negative,0.022657305,0.37233523,0.6050075,-0.1381201457193555
CTV,2024-03-16,B.C. man gets knee surgery in Mexico to avoid waitlist,/video/c2886602-b-c--man-gets-surgery-in-mexico-to-avoid-waits,neutral,0.044732958,0.07772911,0.8775379,-0.004040778269026379
CTV,2024-03-16,B.C. man's balloon-popping videos earn hundreds of millions of views worldwide,https://vancouverisland.ctvnews.ca/b-c-man-s-balloon-popping-videos-earn-hundreds-of-millions-of-views-worldwide-1.6805805,positive,0.5228409,0.011370454,0.46578866,0.27323330630206755
CTV,2024-03-16,Ottawa passengers trapped in Mexico for days after Flair Airlines cancels flights,https://ottawa.ctvnews.ca/ottawa-passengers-trapped-in-mexico-for-days-after-flair-airlines-cancels-flights-1.6810755,negative,0.009223033,0.6097012,0.3810757,-0.3716505264177101
CTV,2024-03-16,"Lethbridge man, 20, faces multiple charges after recording himself shooting out of moving vehicles",https://calgary.ctvnews.ca/lethbridge-man-20-faces-multiple-charges-after-recording-himself-shooting-out-of-moving-vehicles-1.6810398,negative,0.008892012,0.6563282,0.33477986,-0.43068760156449315
CTV,2024-03-16,Man stabbed after confrontation on bus: Surrey RCMP,https://bc.ctvnews.ca/man-stabbed-after-confrontation-on-bus-surrey-rcmp-1.6810789,negative,0.010935683,0.62888354,0.36018077,-0.39537493734104423
CTV,2024-03-16,Halifax healthcare facility relocates some patients after flooding,https://atlantic.ctvnews.ca/halifax-healthcare-facility-relocates-some-patients-after-flooding-1.6810380,neutral,0.028487783,0.086219795,0.8852924,-0.006622299927362629
CTV,2024-03-16,"Bears trade Justin Fields to Steelers, clear way to take a QB such as Caleb Williams with No. 1 pick",https://www.ctvnews.ca/sports/bears-trade-justin-fields-to-steelers-clear-way-to-take-a-qb-such-as-caleb-williams-with-no-1-pick-1.6810782,neutral,0.07076913,0.016601982,0.9126289,0.004732644197446234
CTV,2024-03-16,Montreal Canadiens head coach St-Louis taking indefinite leave for family reasons,https://montreal.ctvnews.ca/montreal-canadiens-head-coach-st-louis-taking-indefinite-leave-for-family-reasons-1.6810685,neutral,0.016297095,0.15299462,0.8307083,-0.023141753960842948
CTV,2024-03-16,The 'drinking bird' makes a comeback and could power your gadgets with clean energy,https://www.ctvnews.ca/sci-tech/the-drinking-bird-makes-a-comeback-and-could-power-your-gadgets-with-clean-energy-1.6809342,positive,0.73190343,0.006053033,0.26204365,0.5356459107016214
CTV,2024-03-16,Do you have a video doorbell? Some models can be hacked,https://toronto.ctvnews.ca/do-you-have-a-video-doorbell-some-models-can-be-hacked-1.6810286,negative,0.020718366,0.29931056,0.6799711,-0.08915755532893499
CTV,2024-03-16,"Cleanup underway after car drives through bulk foods store in Windsor, Ont.",https://windsor.ctvnews.ca/cleanup-underway-after-car-drives-through-bulk-foods-store-in-windsor-ont-1.6810493,neutral,0.09972323,0.020385459,0.8798913,0.009529158081789113
CTV,2024-03-16,Another commercial driver charged with impaired driving on northern highway,https://northernontario.ctvnews.ca/another-commercial-driver-charged-with-impaired-driving-on-northern-highway-1.6810476,negative,0.008818642,0.78979975,0.2013817,-0.6237058185057824
CTV,2024-03-16,Neighbours in Calgary armed standoff ‘wondered what was going on’,https://calgary.ctvnews.ca/neighbours-in-calgary-armed-standoff-wondered-what-was-going-on-1.6810665,neutral,0.01203321,0.18585406,0.80211264,-0.034396949941744026
CTV,2024-03-16,'An amazing feeling': Sask. community comes together in hockey night fundraiser for boy battling cancer,https://regina.ctvnews.ca/an-amazing-feeling-sask-community-comes-together-in-hockey-night-fundraiser-for-boy-battling-cancer-1.6803883,positive,0.96278715,0.0025484413,0.034664262,0.9269527293508935
CTV,2024-03-16,'I'm struggling': Repayments of COVID-19 benefits leaving some Torontonians with little to spare,https://toronto.ctvnews.ca/i-m-struggling-repayments-of-covid-19-benefits-leaving-some-torontonians-with-little-to-spare-1.6802740,negative,0.019024799,0.64614064,0.33483452,-0.41713581498559194
CTV,2024-03-16,Public funeral to be held for victims in mass Ottawa killing,/video/c2886439-public-funeral-for-barrhaven-victims?playlistId=1.6797986,negative,0.019062214,0.4969641,0.48397368,-0.24660994545852688
CTV,2024-03-16,Former employees rallying outside Dutchie’s store allege they’re owed wages,https://kitchener.ctvnews.ca/former-employees-rallying-outside-dutchie-s-store-allege-they-re-owed-wages-1.6810674,negative,0.013184059,0.7082073,0.2786086,-0.5013837938656085
CTV,2024-03-16,‘It was my dream’: Sask. singer takes stage on Canada’s Got Talent,https://saskatoon.ctvnews.ca/it-was-my-dream-sask-singer-takes-stage-on-canada-s-got-talent-1.6809942,positive,0.61430746,0.0048676417,0.38082507,0.37734987483224813
CTV,2024-03-16,Xander Schauffele overcomes a 4-shot deficit to take the lead at The Players Championship,https://www.ctvnews.ca/sports/xander-schauffele-overcomes-a-4-shot-deficit-to-take-the-lead-at-the-players-championship-1.6810775,positive,0.34045854,0.0048758048,0.6546658,0.11588818537484258
CTV,2024-03-16,Edmonton officers killed in the line of duty honoured on 1-year anniversary,https://edmonton.ctvnews.ca/edmonton-officers-killed-in-the-line-of-duty-honoured-on-1-year-anniversary-1.6809023,negative,0.018482922,0.59048504,0.39103198,-0.3483309938131782
CTV,2024-03-16,Tesla is the worst performing stock in the S&P 500. Analysts say it has further to fall,https://www.ctvnews.ca/business/tesla-is-the-worst-performing-stock-in-the-s-p-500-analysts-say-it-has-further-to-fall-1.6807625,negative,0.0063517503,0.9454488,0.04819945,-0.8938330868856226
CTV,2024-03-16,Teens arrested after taking police on two-hour chase in stolen vehicle in Montreal area,https://montreal.ctvnews.ca/teens-arrested-after-taking-police-on-two-hour-chase-in-stolen-vehicle-in-montreal-area-1.6810592,negative,0.015029038,0.42858502,0.55638593,-0.18345924954012816
CTV,2024-03-16,Rural communities in Sask. concerned about ability to maintain vital services,https://regina.ctvnews.ca/rural-communities-in-sask-concerned-about-ability-to-maintain-vital-services-1.6810481,negative,0.0340394,0.25830635,0.70765424,-0.06556349136879192
CTV,2024-03-16,Hamilton refuses to pay hackers 'huge' ransom in wake of cyberattack,https://toronto.ctvnews.ca/hamilton-refuses-to-pay-hackers-huge-ransom-in-wake-of-cyberattack-1.6809258,negative,0.01062538,0.66908765,0.3202871,-0.44756530440949405
CTV,2024-03-16,Cara Delevingne's Los Angeles home destroyed in fire: 'My heart is broken today',https://www.ctvnews.ca/entertainment/cara-delevingne-s-los-angeles-home-destroyed-in-fire-my-heart-is-broken-today-1.6809586,negative,0.00780611,0.88455415,0.10763985,-0.7823750001873329
CTV,2024-03-16,"B.C. heating up, set to break temperature records",/video/c2886601-b-c--could-break-heat-records-this-weekend,neutral,0.21592876,0.010053894,0.7740174,0.04652414088949097
CTV,2024-03-16,P.E.I. fire survivor sharing journey after amputation,https://atlantic.ctvnews.ca/p-e-i-fire-survivor-sharing-journey-after-amputation-1.6804584,neutral,0.04442252,0.10704118,0.8485363,-0.00948445283387489
CTV,2024-03-16,Toronto police make arrest as pro-Palestinian protesters rally outside Trudeau event,https://toronto.ctvnews.ca/toronto-police-make-arrest-as-pro-palestinian-protesters-rally-outside-trudeau-event-1.6810067,negative,0.013451877,0.5903842,0.39616403,-0.3483724817663152
CTV,2024-03-16,WATCH: Massive tornado rips through Ohio and Indiana,/video/c2886190--thank-god-it-ain-t-in-my-house-,negative,0.04685884,0.34155634,0.61158484,-0.11446497336762285
CTV,2024-03-16,Russians cast ballots in an election preordained to extend President Vladimir Putin's rule,https://www.ctvnews.ca/world/russians-cast-ballots-in-an-election-preordained-to-extend-president-vladimir-putin-s-rule-1.6810336,neutral,0.024029037,0.18162511,0.79434586,-0.032410287282914396
CTV,2024-03-16,Buying an EV can save you money the longer and farther you drive it: UBC study,https://bc.ctvnews.ca/buying-an-ev-can-save-you-money-the-longer-and-farther-you-drive-it-ubc-study-1.6805794,positive,0.4336282,0.014313496,0.5520583,0.18782855364634976
CTV,2024-03-16,"Trudeau says job of prime minister 'crazy,' but he's determined to continue",https://www.ctvnews.ca/politics/trudeau-says-job-of-prime-minister-crazy-but-he-s-determined-to-continue-1.6810450,neutral,0.09617392,0.21534413,0.68848205,-0.037123660372904155
CTV,2024-03-16,Robotics competition returns to Georgian College,https://barrie.ctvnews.ca/robotics-competition-returns-to-georgian-college-1.6810655,neutral,0.16843468,0.008309691,0.82325566,0.02830118550540206
CTV,2024-03-16,Quebec woman gives birth outside after finding hospital door locked,https://montreal.ctvnews.ca/quebec-woman-gives-birth-outside-after-finding-hospital-door-locked-1.6809784,neutral,0.019535227,0.11676159,0.8637032,-0.013251642448333545
CTV,2024-03-16,"Here are the top five scams, frauds for 2024",https://ottawa.ctvnews.ca/here-are-the-top-five-scams-frauds-for-2024-1.6810473,negative,0.017418219,0.84166867,0.14091307,-0.7081027975695378
CTV,2024-03-16,College Royal celebrates 100 years of bringing agricultural life to the city,https://kitchener.ctvnews.ca/college-royal-celebrates-100-years-of-bringing-agricultural-life-to-the-city-1.6810712,positive,0.89116293,0.0028876893,0.10594933,0.7941630987920778
CTV,2024-03-16,"In search for freedom, Chinese migrants increasingly risk it all by braving the Darien Gap",https://www.ctvnews.ca/w5/in-search-for-freedom-chinese-migrants-increasingly-risk-it-all-by-braving-the-darien-gap-1.6809429,negative,0.030352456,0.42248905,0.5471585,-0.17757573574041174
CTV,2024-03-16,"'Unplanned outage' caused 911 delays in B.C. Saturday, E-Comm says",https://bc.ctvnews.ca/unplanned-outage-caused-911-delays-in-b-c-saturday-e-comm-says-1.6810519,negative,0.0070120115,0.5678182,0.4251698,-0.32236835100268557
CTV,2024-03-16,'Baloney factory': Eby mocks Poilievre letter asking B.C. to join carbon price fight,https://bc.ctvnews.ca/baloney-factory-eby-mocks-poilievre-letter-asking-b-c-to-join-carbon-price-fight-1.6810150,negative,0.0136713125,0.38748947,0.59883916,-0.14996120530005896
CTV,2024-03-16,"Montreal man returns from vacation, gets letter from Quebec government saying he's dead",https://montreal.ctvnews.ca/montreal-man-returns-from-vacation-gets-letter-from-quebec-government-saying-he-s-dead-1.6808017,negative,0.011929381,0.5994588,0.38861176,-0.35920857638021886
CTV,2024-03-16,"Correctional officer stabbed by inmate at Windsor, Ont. jail with makeshift weapon",https://windsor.ctvnews.ca/correctional-officer-stabbed-by-inmate-at-windsor-ont-jail-with-makeshift-weapon-1.6810649,negative,0.012124818,0.60491836,0.38295683,-0.36577919379880974
CTV,2024-03-16,"New allegations of unpaid work at Kitchener, Ont. grocer",https://kitchener.ctvnews.ca/new-allegations-of-unpaid-work-at-kitchener-ont-grocer-1.6809696,negative,0.009742123,0.4921521,0.49810562,-0.24211886199190946
CTV,2024-03-16,Moose Jaw man taken to hospital following house fire,https://regina.ctvnews.ca/moose-jaw-man-taken-to-hospital-following-house-fire-1.6810779,negative,0.022243911,0.25213036,0.7256257,-0.06307493314500512
CTV,2024-03-16,Hwy. 17 reopens after being closed due to bad weather,https://northernontario.ctvnews.ca/hwy-17-reopens-after-being-closed-due-to-bad-weather-1.6810381,negative,0.036039244,0.34747863,0.61648214,-0.11944257069676212
CTV,2024-03-16,'Plan in advance': Eclipse glasses are hot sellers ahead of rare celestial event,https://montreal.ctvnews.ca/plan-in-advance-eclipse-glasses-are-hot-sellers-ahead-of-rare-celestial-event-1.6809533,positive,0.47445467,0.006342042,0.5192034,0.22506694357510781
CTV,2024-03-16,"Seriously injured man found on B.C. highway in Kamloops, RCMP say",https://bc.ctvnews.ca/seriously-injured-man-found-on-b-c-highway-in-kamloops-rcmp-say-1.6806538,negative,0.013494246,0.4408901,0.5456157,-0.1942019758278235
CTV,2024-03-16,Empowering Women in Business 2024 conference begins in Saint John,https://atlantic.ctvnews.ca/empowering-women-in-business-2024-conference-begins-in-saint-john-1.6810611,positive,0.3956892,0.0053161355,0.59899455,0.15654171984499143
CTV,2024-03-16,St. Patrick’s Day charm missing in the 'Irish capital of Canada',https://ottawa.ctvnews.ca/st-patrick-s-day-charm-missing-in-the-irish-capital-of-canada-1.6810695,negative,0.07515967,0.32544315,0.59939706,-0.100264296982715
CTV,2024-03-16,"Annual Read-a-thon aims to inspire young readers, newcomers",https://winnipeg.ctvnews.ca/annual-read-a-thon-aims-to-inspire-young-readers-newcomers-1.6810619,positive,0.75668615,0.005058559,0.23825535,0.5725482746579793
CBC,2024-03-16,Edward Burtynsky's photos are stunning — but do they move people to take environmental action?,https://www.cbc.ca/news/edward-burtynsky-exhibition-environment-action-1.7141168,positive,0.8261642,0.010543155,0.16329248,0.6824362375382531
CBC,2024-03-16,"B.C. couple faces fines, legal action over custom-built tiny home on rural property",https://www.cbc.ca/news/canada/british-columbia/peachland-tiny-home-rdco-housing-crisis-homelessness-rvs-1.7144280,negative,0.014411279,0.39797863,0.5876101,-0.1581792966836737
CBC,2024-03-16,Russians vote in election without viable opposition candidates,https://www.cbc.ca/player/play/2319311427738,negative,0.0175738,0.5766325,0.4057938,-0.33219616885408954
CBC,2024-03-16,Planning to see the solar eclipse? It will depend on the weather,https://www.cbc.ca/player/play/2319075395707,neutral,0.061223783,0.012376883,0.9263992,0.0035951723509519695
CBC,2024-03-16,"Canada heading toward major measles outbreak without vaccine boost, new modelling suggests",https://www.cbc.ca/news/health/canada-measles-outbreak-vaccination-1.7144915,negative,0.012749543,0.54586565,0.4413847,-0.2978068098185034
CBC,2024-03-16,Parent-child duos enjoy the chance to compete together at Arctic Winter Games,https://www.cbc.ca/news/canada/north/parent-child-duos-enjoy-the-chance-to-compete-together-at-arctic-winter-games-1.7145523,positive,0.8901972,0.0028199595,0.10698292,0.7924430544955641
CBC,2024-03-16,Man killed after 30-hour armed standoff with Calgary police identified,https://www.cbc.ca/news/canada/calgary/calgary-police-memorial-drive-closed-situation-1.7144799,negative,0.007233134,0.65476453,0.33800244,-0.42866419818361123
CBC,2024-03-16,See Iceland's latest volcanic eruption,https://www.cbc.ca/player/play/2319427139649,neutral,0.068319626,0.03176348,0.89991695,0.0036586508056690725
CBC,2024-03-16,Meet the GlamourGals: These med students spend their free time painting seniors' nails,https://www.cbc.ca/radio/whitecoat/glamour-gals-seniors-1.7144195,neutral,0.19672237,0.008968765,0.7943088,0.038619267327272055
CBC,2024-03-16,Families of Montreal Airbnb fire victims still searching for justice,https://www.cbc.ca/player/play/2319322179619,negative,0.050330997,0.25127646,0.69839257,-0.06060664579490371
CBC,2024-03-16,The world is sending soldiers back to Haiti — this time without Canada's help,https://www.cbc.ca/news/politics/haiti-canada-trudeau-rae-gang-violence-1.7145349,negative,0.009363157,0.77549124,0.21514541,-0.6012991276158175
CBC,2024-03-16,Scan your receipt to exit? Loblaw facing backlash as it tests receipt scanners at self-checkout,https://www.cbc.ca/news/business/loblaw-receipt-scanners-1.7141850,negative,0.019835152,0.47950655,0.5006583,-0.22953311437193946
CBC,2024-03-16,Toronto's $80M cost hike for hosting World Cup games prompts calls for more oversight,https://www.cbc.ca/news/canada/toronto/fifa-toronto-cost-increase-1.7145284,negative,0.024957554,0.3844822,0.5905602,-0.14720369643708153
CBC,2024-03-16,'A scary feeling': Sask. woman concerned about wait times for breast cancer assessment,https://www.cbc.ca/news/canada/saskatoon/a-scary-feeling-sask-woman-concerned-about-wait-times-for-breast-cancer-assessment-1.7140767,negative,0.009504004,0.69042677,0.30006924,-0.4765987737205748
CBC,2024-03-16,WATCH : CBC News Explore,https://www.cbc.cahttps://gem.cbc.ca/live,neutral,0.09840742,0.014817321,0.88677526,0.009464467482493077
CBC,2024-03-16,"Just add Nenshi, and it's a whole different Alberta NDP race",https://www.cbc.ca/news/canada/calgary/naheed-nenshi-ndp-leadership-campaign-orbit-1.7146018,negative,0.07044146,0.26789322,0.6616653,-0.06680478144351554
CBC,2024-03-16,"Canadians deeply frustrated with health care, survey finds",https://www.cbc.ca/news/politics/primary-care-canada-10-000-canadians-report-1.7125990,negative,0.0068677883,0.8547533,0.13837892,-0.7305560640555946
CBC,2024-03-16,IN PHOTOS | This week's most compelling Canadian images,https://www.cbc.cahttps://www.cbc.ca/newsinteractives/features/compelling-canadian-images-3-9,positive,0.6136785,0.0044785333,0.38184288,0.3765813170976884
CBC,2024-03-16,Canada's indie movie theatres say industry is in crisis,https://www.cbc.ca/news/entertainment/independent-theatres-in-crisis-1.7144390,negative,0.014217338,0.69333446,0.29244813,-0.48051060239408194
CBC,2024-03-16,"A year after deadly Old Montreal fire, families remain heartbroken, angry",https://www.cbc.ca/news/canada/montreal/one-year-after-old-montreal-airbnb-fire-1.7142328,negative,0.009991395,0.8689611,0.121047586,-0.7549934810116099
CBC,2024-03-16,"Proposed name change sparks division in Powell River, B.C.",https://www.cbc.ca/news/canada/british-columbia/name-change-powell-river-divide-1.7145873,negative,0.015210802,0.3158684,0.66892093,-0.09954143738801768
CBC,2024-03-16,Battle for best barista in Canada comes to Montreal,https://www.cbc.ca/player/play/2318682691654,positive,0.5852153,0.010555891,0.40422887,0.3423654865972203
CBC,2024-03-16,"Canada's GED high school equivalency test ends after March, leaving adult students in limbo",https://www.cbc.ca/news/canada/hamilton/ged-test-ending-1.7142821,negative,0.012350024,0.5210339,0.46661606,-0.2713237994298101
CBC,2024-03-16,Hundreds line up at Ontario clinic in desperate bid for family doctor,https://www.cbc.ca/news/canada/ottawa/hundreds-line-up-outside-kingston-clinic-in-desperate-bid-for-family-doctor-1.7130133,negative,0.027600076,0.5340862,0.4383137,-0.28448635065249306
CBC,2024-03-16,WATCH | 2SLGBTQ+ curlers hit the ice for Canadian Pride Curling Championship,https://www.cbc.cahttps://www.cbc.ca/player/play/2318708291541,neutral,0.06549706,0.0070603853,0.92744267,0.004240009254710131
CBC,2024-03-16,2SLGBTQ+ curlers crowd the house for Canadian Pride Curling Championship,https://www.cbc.ca/player/play/2318708291541,neutral,0.19565567,0.006030921,0.79831356,0.038244742449377256
CBC,2024-03-16,In search of the elusive Lake Superior 'blue ice',https://www.cbc.ca/player/play/2318584387652,neutral,0.09529696,0.07193301,0.83276993,0.003907154629025911
CBC,2024-03-16,"What's cheaper, EV or gas? This scholar crunched the numbers",https://www.cbc.ca/player/play/2319313987528,neutral,0.06427937,0.10690619,0.8288145,-0.007297093303115787
CBC,2024-03-16,"What's cheaper, EV or gas? This scholar crunched the numbers",https://www.cbc.cahttps://www.cbc.ca/player/play/2319313987528,neutral,0.06427937,0.10690619,0.8288145,-0.007297093303115787
CBC,2024-03-16,Storms leave widespread damage across multiple U.S. states,https://www.cbc.ca/player/play/2318958147614,negative,0.01220027,0.7694929,0.21830688,-0.5919704342020662
CBC,2024-03-16,New Canadian rom-com with Zach Braff and Vanessa Hudgens hits all the right notes — until the end,https://www.cbc.ca/news/entertainment/french-girl-canadian-rom-com-1.7143980,positive,0.90930736,0.0024451157,0.088247396,0.8268340259844962
CBC,2024-03-16,Immigration delay leaves Quebec cancer patient waiting years for parents' arrival,https://www.cbc.ca/news/canada/ottawa/immigration-delay-leaves-outaouais-cancer-patient-waiting-years-for-parents-arrival-1.7141317,negative,0.006206843,0.83257943,0.16121368,-0.6931500008609488
CBC,2024-03-16,St. Patrick's Day celebrated around the world,https://www.cbc.ca/news/world/st-patrick-s-day-celebrated-around-the-world-1.7146287,positive,0.9055402,0.0023599763,0.09209971,0.8199976020839106
CBC,2024-03-16,"Women in Gaza giving birth without enough painkillers, clean water or food",https://www.cbc.ca/news/world/women-gaza-birth-pregnancies-1.7143489,negative,0.0078058904,0.8240989,0.16809516,-0.6790781013514255
CBC,2024-03-16,"'Goat yoga' strikes a pose in Thunder Bay, Ont.",https://www.cbc.ca/player/play/2319097411585,neutral,0.06102544,0.0062779956,0.9326965,0.0036846934082956917
CBC,2024-03-16,WATCH: CBC News Network,https://www.cbc.cahttps://gem.cbc.ca/live,neutral,0.10073908,0.018231502,0.88102955,0.00981596340483426
CBC,2024-03-16,The butt of jokes: I'm a comedian who is paid to get dozens of rectal exams,https://www.cbc.ca/news/canada/first-person-the-butt-of-jokes-1.7143287,negative,0.089663304,0.5180337,0.39230308,-0.2603193646827373
CBC,2024-03-16,People waiting for a family doctor in Nova Scotia could face years without finding one,https://www.cbc.ca/news/canada/nova-scotia/family-practice-registry-record-number-1.7140349,negative,0.020040972,0.66529036,0.31466872,-0.44220957766714264
CBC,2024-03-16,Edmonton hospital patient had been hoping for a care home. He wound up at a hotel instead,https://www.cbc.ca/news/canada/edmonton/royal-alexandra-hospital-hotel-transfer-stroke-patient-1.7145856,negative,0.011503389,0.6449522,0.34354445,-0.41583096485533666
CBC,2024-03-16,N.L. health authority seeking 170 rental units for internationally recruited workers,https://www.cbc.ca/news/canada/newfoundland-labrador/nl-health-authority-housing-1.7139958,neutral,0.024318859,0.022467684,0.9532134,8.661019502231859e-05
CBC,2024-03-16,Meet some of the 6 million Canadians without a doctor,https://www.cbc.ca/news/politics/meet-the-canadians-without-a-family-doctor-1.7116475,neutral,0.050469816,0.20471914,0.7448111,-0.039362712950839374
CBC,2024-03-16,"To compete in Eurovision, Israel had to change its song. Some say it should still be banned",https://www.cbc.ca/news/entertainment/israel-eurovision-competition-1.7145734,negative,0.014001178,0.62678176,0.35921723,-0.39265923381873336
CBC,2024-03-16,"Ukraine hits Russian city, oil refinery on 2nd day of presidential vote, governor says",https://www.cbc.ca/news/world/ukraine-russia-election-refinery-attack-1.7146201,negative,0.0150181055,0.28100953,0.70397246,-0.07874078590031175
CBC,2024-03-16,"A third of children under 2 in north Gaza are acutely malnourished, UN says",https://www.cbc.ca/news/world/gaza-hunger-crisis-israel-ceasefire-talks-1.7146272,negative,0.006065399,0.82514465,0.16878998,-0.6808268527930394
CBC,2024-03-16,"Iceland volcano spews smoke, lava in 4th eruption since December",https://www.cbc.ca/news/world/volcano-eruption-iceland-1.7146385,negative,0.015783753,0.44098112,0.54323524,-0.19421517041119785
